-0.11263630,1.38509300,-0.88420350
-2.46371500,-1.37580300,0.83913360
-3.04667400,1.65106300,4.39983500
4.77125800,3.27152400,2.80122600
-1.89664600,4.33426400,4.46276000
-3.65321000,-3.75185500,-0.91084070
-4.43538400,0.96187810,3.37922200
-3.92288000,0.09705790,4.20844600
-4.73866300,-1.59471400,-1.44179200
-4.09588700,3.33637300,-0.53396470
-2.06836100,-0.62873520,4.91721900
-1.46790500,3.75352500,1.72678000
2.08080600,3.34223500,3.54095500
-2.37069700,-1.07580600,2.85245700
2.33697000,-4.57649800,-4.47568100
1.80309100,3.60621400,0.66250150
-0.71609640,-1.33308700,-3.89254300
1.03465900,-2.73176600,1.11537500
-3.42726400,2.49187300,-0.34583270
-0.20981690,1.76919900,0.45620710
4.34428400,-1.45128000,3.97468400
-1.85385800,-0.03304501,2.35216800
4.91714700,-4.98677400,4.48266400
2.22422800,1.44353600,2.87326100
-4.36730200,-0.17378190,-1.50539900
4.16074400,-3.17738200,-3.79703000
4.37745800,-0.73997060,1.23515900
1.89908200,4.46217600,-2.87983100
-0.20982820,1.73990200,-2.01820000
0.79505160,-3.08158300,4.62769700
-1.01816900,4.49538600,3.71198900
-4.42646100,4.58668300,1.29967900
-3.88310900,-2.46078700,0.01214212
-3.68480100,-1.78211900,3.67187700
-3.67890000,-1.98630000,-4.30336700
4.17602500,-2.78596900,-4.76005800
-3.46779300,2.61933600,2.05061600
2.76234100,2.99023200,-4.61060300
2.67231600,-2.17392500,4.15315300
3.90007300,-0.85558000,-3.54599700
-2.92411200,-4.36293700,-4.93898200
-2.58170300,0.46129500,1.90923100
-2.33856900,3.50198800,-3.55041600
-4.26768200,1.16937600,-1.72329300
-1.36358300,-1.80740100,-0.57513810
0.98912780,2.73254300,1.75028600
4.20888300,-0.69118860,2.99488900
-1.74682200,-1.41275500,-4.35080100
-1.64578100,-0.74210660,-3.25945300
-1.57700400,0.97055040,-4.23038800
1.33744700,-1.45967800,-4.57844200
-3.99430000,1.15101600,4.24967400
-0.63526410,-0.45129570,0.53608760
3.87609200,2.17018900,-2.36717200
4.85004400,4.40957300,-0.11262370
1.78411700,4.29486200,-0.98612640
-4.73478000,-0.47455800,4.78300100
1.34251200,-3.47566100,-3.29326000
0.71097910,-3.29522800,-1.34598400
-3.16074200,3.05923400,-2.71460400
-2.99775900,-1.43525000,-0.05541519
4.96603700,-2.32683200,4.29714800
-1.06799200,-0.95205670,3.48396000
-2.37772900,4.03749900,-1.15176000
-4.53876300,-0.58197470,2.05040500
0.56754990,0.83451000,1.64771800
-3.94815800,4.86250800,2.80779400
-1.76038200,2.78286200,-2.97850600
-0.53642760,3.38005400,2.10345200
1.52428900,4.93417200,-4.95477000
-2.77281800,-1.56590800,4.60091200
1.16087600,2.13129000,-0.51403270
-3.07928000,-1.12647200,-2.62173400
-4.23671500,-1.73693200,2.25361800
0.62672420,-3.36224700,-4.29661500
-4.38924700,-4.50946200,-3.98568700
-2.18122500,-1.97077300,2.44632000
1.60426500,-3.69947200,-1.14309700
-1.52697100,-4.53730400,-3.38585000
3.53071700,-4.93835600,-1.51448200
4.91769600,4.63009700,-3.85272200
-0.85071110,0.51479530,-0.86463310
2.61538800,4.29202000,-4.29447500
0.09871369,-3.18411200,-0.27773330
2.56668900,4.79346000,4.50039000
4.35870000,-1.18859900,-4.97633100
2.66474700,3.65084700,-0.11210750
4.20566300,-3.95581700,4.56917600
1.24900500,-0.95213600,-0.24489740
2.32822900,4.37004600,3.44904300
4.69250400,2.54705400,3.75554800
3.61547800,3.79260200,-1.61191300
-3.22082600,-3.99751800,-3.48660300
-0.48422590,-4.04084400,0.09792132
4.52224600,-0.94634110,-1.59136400
-0.29017110,4.62005700,4.64748100
-3.74936800,-3.41839200,1.59681200
-1.11290400,-0.64188580,-4.70901500
0.02658273,3.49995200,4.01607100
-3.25121000,1.53980400,1.69255700
2.40091400,-3.30511300,-2.88393700
1.80988900,2.70075100,-4.28557900
-3.00132600,4.37700200,-1.95862300
-2.18072200,-3.12213800,0.55850130
3.10093300,-4.04596800,-1.06000100
-1.54633400,-1.08976500,2.33661900
-3.86872900,-0.22001200,-4.19893700
1.35843900,3.81445700,2.19812400
-2.89942000,0.92330510,-1.67067900
0.57347110,-4.22371900,-3.48497400
4.08187500,-3.81961700,-1.41970200
-3.55232700,-0.97097450,2.39519100
2.26528400,0.78117190,-2.54844300
-3.55337300,3.22480700,-1.72974900
1.66541900,1.99565400,-2.46522300
2.79734700,0.99777030,-4.91815200
-3.15014200,0.61690060,3.81869000
1.30961800,-1.84506400,-1.94570000
1.52403500,-0.51145930,2.88309600
4.96871400,3.20675900,0.13385910
3.10899500,3.35600700,0.85866700
0.33812070,-1.59033200,-3.94681200
-4.29690900,-1.60450300,-2.57358400
4.49486700,1.50618400,-4.05880200
-0.20527410,-4.03533300,-4.95721400
0.02186142,0.71234580,-1.83814800
-2.79095100,-3.09631300,-1.92531700
4.18745400,1.05066000,-1.93206000
-2.09400900,-2.33803900,-1.42505500
-0.31519960,3.72422400,0.88230760
-2.95687600,2.30231900,1.20034600
1.44812900,-1.47065000,0.71307450
-2.60962700,0.46943930,-2.61536400
4.10170800,4.96553300,-3.39757100
1.94975300,-2.57353600,0.51448710
4.01855900,-2.51104000,3.84106200
-4.25954700,-0.63994930,3.50374100
1.62920200,-0.69845820,-2.62874700
-0.19799100,-2.88852700,1.79615200
-3.91082600,-2.80254900,2.64396000
4.74929200,2.22073200,2.02527400
0.02601193,1.36380500,-4.15480900
-4.05075000,4.17595200,-2.15202500
-1.21669200,4.94455200,1.38102200
-0.19585830,-2.71690400,-1.22992600
-4.35778300,1.95051400,1.43407900
0.28133970,-0.10363770,4.39411700
0.91522950,3.54304200,-2.68520300
-0.84547990,0.28891940,2.54621600
-3.09532300,1.63963800,-0.96492240
-1.09773500,-3.03836200,-0.58072500
-1.11082800,3.03888000,-3.91930700
2.03843700,-4.09338700,4.44897200
2.38171800,-4.97210400,1.07939400
-0.48413190,0.28748230,3.76726300
4.66597100,-2.56971600,-3.04916900
3.84722900,4.25421000,-0.64239970
-2.54878300,-4.51157500,-2.79101800
3.85385300,0.67693710,-1.05390200
-4.87906600,1.85535700,3.11244000
1.42715400,-3.42930000,-2.17214600
-2.92794100,-4.78710000,1.84180800
2.50139100,-4.74227800,-3.35628100
1.68217300,-1.70122500,-3.67609600
4.40445700,0.49024340,0.88201340
4.06466900,4.72811600,2.24840600
1.48766400,-0.68053710,-1.34113300
3.46902100,-0.32964860,1.58750400
2.26035600,-3.03875500,1.54486500
-1.24851600,-2.49268900,-4.13970200
3.85616100,1.55110300,4.35274600
-4.22707900,3.25118600,-2.66342500
3.99125600,3.50555100,0.02571134
-1.14182800,1.21175400,0.90663820
-4.57650100,-1.40778400,4.21268100
-4.97569000,0.74926030,-1.11035200
4.44124900,3.80581600,0.90885300
2.55043000,0.44144130,2.74155000
-2.49440900,-0.39432710,3.95375100
-2.17655700,-0.48305300,-2.35418900
-3.34779700,4.52309100,4.91813000
1.07640200,-3.37233200,0.11540540
-2.66054200,3.76795200,-4.89398100
-2.76013700,0.54535250,-4.41755400
4.40591900,2.97717900,-1.68791100
-4.27162500,-2.93647400,-1.12305700
-4.55613000,0.40688350,-0.21823620
3.27953500,4.46435900,0.58746710
-4.89611700,0.75894800,2.03971800
-1.89463000,3.22746800,4.40821400
-2.10117600,1.08880000,0.14623860
-3.98519900,-3.02045000,-2.60810200
3.87838100,2.67857400,2.62790100
3.41327600,-4.82070000,1.43493800
2.48541400,0.16522920,0.96707450
4.29610600,4.99557300,3.68632900
-4.33274900,3.01127600,1.97690900
-3.24129600,-0.65331170,3.27856500
-1.28424200,-4.51308500,4.94333900
-3.27868400,-3.89168900,2.81772700
1.73402100,-2.72441300,-1.56531800
-3.85440500,-4.09671700,-2.69479400
-2.10389900,2.56525300,-4.66305100
0.76855810,-3.03174800,2.39734100
0.79369500,3.08174800,-1.32841800
-3.58459200,-4.76130600,-1.93220200
4.33883800,-2.00179300,-2.29326200
-0.94103060,2.61032500,-1.83952300
2.29912500,-2.37297200,-2.44595800
-0.55889660,4.18461100,-0.07184205
-0.36322240,-3.33950900,-2.24089800
-2.91435100,4.65001300,2.80197800
0.20553090,1.19167000,2.86175000
-2.80182000,3.96489900,3.91254800
-3.93535100,-4.00532200,0.73439630
-4.47190600,-2.18505900,-3.46909900
0.24921700,4.98790500,-2.46071800
-0.65746470,-4.06100900,-2.84990400
4.82807700,-4.61499700,1.28002400
3.21147000,0.53468330,-2.10011000
-2.18757500,-3.94011200,3.27245900
1.20419000,1.44153700,0.54957050
-3.35199100,1.42811500,3.23492800
3.24988200,3.51607000,3.52387000
4.85478900,-4.21260000,0.16861220
4.54784900,-0.14576340,2.14936500
4.47494200,-2.80718400,-1.28513100
2.95480200,-4.48201400,0.40348340
1.53960400,-1.79627600,3.51809800
2.28601700,-4.03984800,-2.25031900
1.02505200,-1.83569800,4.43474000
-0.19419080,2.65188800,-4.13273600
-1.99236400,2.91729800,-0.04802035
-1.84645400,0.62598140,-1.93638100
-1.40351000,3.94836800,0.58322710
-1.40108000,0.25149960,4.88303100
-2.93365200,4.35000500,-0.18228000
0.29772180,-3.20560600,-3.15462400
2.27040400,-3.76826300,-0.22639210
0.50944220,-0.67781390,0.51275020
-0.63736490,1.27388400,1.90422100
-0.18668480,-0.84916400,-4.60520600
-0.43478670,-1.28720800,0.04964779
-1.29828200,0.07585201,1.55095000
1.02445800,0.25008250,-2.04677800
-4.04803300,4.47669800,4.06505400
-4.40611400,4.14875300,-4.86344300
3.59576800,2.07042600,-4.36115600
-4.19182000,3.73287300,2.86436200
3.32000000,-2.51512200,-1.67622800
-3.78872000,3.51575200,3.95357300
-2.15197300,1.64974600,-2.22052900
2.67991700,-4.87327200,2.22433700
1.95126400,1.24463400,4.23282100
4.39016300,1.60067300,1.06791500
-3.07837200,-4.97650900,-1.06022800
-4.77249700,-3.62737800,-1.95576000
3.32306200,-0.88498310,-1.41314000
3.20436600,-3.60727800,-2.16660000
0.91118870,-0.02701443,-3.06333200
-2.29559000,3.56836300,-2.16409600
-2.08920800,2.19907000,4.19748200
2.74942000,1.82733500,-2.11864300
-2.74269500,-2.26420700,0.40529980
2.24396000,-0.83855160,-4.04017100
-4.30345000,0.45853370,-3.37092600
-2.66205400,-2.71718100,-0.53178000
1.62687300,-3.53656100,2.19115500
-2.71317200,0.18403970,-0.45659230
-0.77300410,-2.38961800,1.12991700
4.00312500,-1.83116700,-1.05279700
-3.18253600,-3.03364600,-4.92288700
0.70780830,4.74197200,-0.56229340
-4.57903600,0.41339620,-4.61984600
-4.94535000,0.76076290,-2.61997700
0.95266320,2.95748400,3.87697600
1.53877400,4.34015700,1.38834200
-0.52206520,-4.22705700,1.18724500
3.43589000,2.38661400,0.32424980
-2.37461400,-3.84286500,2.04241100
-1.14158700,-1.82210700,-2.99676600
-4.84573400,2.17935300,0.35278120
4.47374000,-3.93322100,2.83732600
-0.98839620,3.53941100,-2.73044600
1.33816800,-4.68605500,-2.67451200
0.34714240,4.53211300,2.49720700
-4.51198700,4.34256500,-1.13234700
2.91341500,-0.11734770,-4.74482800
4.33169000,2.72613000,1.10804800
-0.71623610,0.05513993,-4.05226200
3.65534700,-3.09277300,2.73068800
0.04883926,3.43562600,-2.07853300
4.27128300,-2.92896100,0.88818110
-0.57618650,-3.58614800,2.92270100
-2.64443500,-3.32674800,-2.87163300
1.86046500,3.04950400,-1.00388500
4.78984000,-0.25041790,-0.77422630
-2.32464900,1.29668300,3.60858700
-1.34672200,0.25538540,0.02502410
0.56702960,0.58333390,0.63770120
-2.17280800,4.96218800,-0.30277420
1.38900100,-1.72265600,-0.95955590
-1.26163400,3.93960200,-1.47062400
-4.14716300,1.59669200,-0.25000390
-2.97295900,3.42483600,1.51335800
-4.28869200,-1.47757200,0.61783830
3.07207900,-1.50539200,3.32655900
-3.53711100,-3.01957500,-3.65061700
-2.71817900,-3.08487100,3.63302100
-3.52185400,0.85303230,2.34746200
-2.63383900,1.62722100,2.50755800
-2.19770800,-0.52691510,0.24953320
-1.21201300,1.57292300,-1.58763400
4.40283900,1.46151000,-3.03361800
3.67291400,-3.89758200,-4.34176400
-1.68535900,-4.15234500,1.20148900
-2.44906600,-3.23186800,-3.89619600
-2.98742200,3.06784100,0.39008160
-0.23122640,-4.65676900,2.51465500
-0.00974490,2.64041200,1.46029300
2.30777000,2.67271500,0.37456510
-2.49764200,-3.92528800,-0.59419680
-4.89443800,-2.09292400,1.31985800
2.19325800,2.30511200,2.10474600
-0.84125260,-2.97745800,-4.99063300
-2.28374000,-4.13938400,-4.19087200
-1.43699400,-2.59742400,4.15703600
-2.84407400,3.27367400,-0.70354010
0.78484930,-0.15388760,1.53860800
3.73791000,-4.12559200,-0.24618360
3.75670000,-2.16989600,0.01550454
0.32939370,0.03391245,-4.33500600
2.02181600,4.98343600,-1.93633800
-4.80628300,4.75852400,-2.82188300
-2.92800900,3.55110400,2.65960000
1.35928000,2.69884600,2.87849800
1.38427300,-0.95479640,1.52202500
2.90758800,-0.11598460,-0.93864940
-3.77364100,-1.17598600,-1.57087100
1.62344500,4.09800700,4.33371200
2.63117300,-3.03604900,-1.12113300
-0.89721630,-3.79072800,-1.32430900
0.59064680,2.48273500,-2.58204500
-3.62669900,4.79911100,-2.90469900
-4.29632100,-2.86324900,3.68572400
4.00461600,4.05991000,4.13028100
3.63348100,3.31344500,-4.11391600
-2.32008800,-3.75763800,4.57163300
-3.23358700,-1.01192600,-4.50355700
1.82233200,2.82649900,4.49678900
-1.96385600,-4.75327900,2.44196300
3.40068200,-1.22202700,2.16558000
-1.20787600,-1.88010900,2.87726500
-0.73147130,-1.24484000,-1.27337400
-0.81003670,-4.92465800,-4.22304500
2.10846800,-2.94506300,3.62672400
-1.38100000,2.07810600,-3.88440200
3.19230600,-1.09598600,-4.50313000
4.64358000,3.61824900,-4.69015600
-0.39242920,-3.34358500,3.97120100
-3.42519200,4.77302200,0.95988710
4.97905900,-0.57323970,0.29572160
-1.64270000,-2.53918000,-2.34283000
-3.94755700,0.89938640,1.28161500
-2.81651300,1.08203700,0.91068490
2.09542200,4.47341900,0.21176930
-0.16203830,-4.92211600,-3.39824500
0.40642380,-0.86064380,-2.49978500
3.98529600,1.75956000,3.31116400
4.00416700,4.22058600,-2.66921400
-2.62488700,2.07066100,-3.16253400
-1.65928900,-3.41374400,-4.55992200
4.88069800,-4.28632300,-3.11450200
-3.42367800,-2.27673200,-1.95158800
-2.02486800,1.21198300,-3.24651300
4.08755400,3.56134300,2.03372700
-1.09335500,2.23997800,3.73970300
2.46327900,3.64202300,4.69799300
-4.99447800,0.10452540,3.18404500
1.16918100,-0.82694310,3.89182800
0.57888910,-2.29708200,0.25680600
-4.76137800,-2.48013600,0.39105300
-0.31856790,3.95771000,3.05585000
-4.81523900,2.96527500,4.73260400
2.29765400,1.72322500,-0.35464950
-0.04628072,-4.42913300,-1.69233400
-1.33201700,-0.63932040,-0.40741110
0.07919868,0.60714200,-3.34186400
-2.82743700,-2.84020600,2.54405500
2.44517000,-0.41916970,0.12352220
-3.49830400,-1.10008700,1.27816500
-1.72650800,-4.58223000,-1.09095400
3.10758100,-4.35256900,4.61694200
2.44421500,-1.63085500,0.23903110
-0.67963170,1.28343100,3.61260700
3.19133800,2.83172700,-1.86197600
-4.43104100,-4.98005400,0.34075940
3.50515400,-0.41916170,-2.63168400
1.67436100,-2.07449100,1.45289700
3.18077600,-2.78971300,-4.01025700
2.80530900,-2.03082500,-3.39438600
-0.22474460,-2.45382400,-4.02297300
4.65753900,-1.19689300,-0.49684400
1.94764700,0.03408581,1.90655800
1.18619200,2.66249400,0.60640080
-1.41747400,-1.56946300,4.48551300
0.93029810,3.83933500,3.13310100
-1.47379400,-4.00284700,-0.27371630
3.30257500,-3.89704900,-3.16634800
-1.40112100,2.24335300,1.00358200
-4.28642900,-0.10698010,0.94263350
0.70552890,2.17251400,-4.74414300
1.32812900,0.44448250,4.52238200
-2.50473300,4.84181100,-3.54745400
2.09894900,-1.31471100,2.43928000
1.59885600,4.87061700,-3.84733500
-1.74872800,-1.18284200,-1.52094800
-1.04887200,1.53165200,-0.40428150
-0.65611910,-1.88637600,-4.85585400
1.29628100,-2.50558400,-2.78278000
-2.04283600,-1.56069800,-2.52100400
4.74073700,3.60025700,-0.88872960
-0.07179821,2.15184800,3.41645700
2.75013800,-0.69735160,2.78086800
3.15566300,3.99065000,2.49119400
-3.78481100,-2.34557300,1.38476900
4.27026900,0.71767420,3.61357500
-3.27127100,1.73335700,-2.27207500
-3.94567900,2.37637200,4.32741400
2.66333000,1.58881200,0.60087140
-3.95907300,-4.54083700,1.88559400
-1.45527200,-1.31543600,0.44930150
-2.00756600,-2.14324200,-3.44346600
4.00906900,4.16290100,3.09800000
2.43278300,-1.66826100,-1.47284300
1.91829500,1.95888900,-1.47210000
0.67436070,-4.47763900,3.12386300
3.66026200,2.75351700,4.72712300
-0.57021980,-4.72009500,-0.70187950
-2.22445200,2.72722400,2.19053300
1.74047300,-3.89649700,3.11598500
-4.67892800,2.08389200,-3.48081900
-2.78954600,-2.22856900,-4.15291100
-1.91256600,4.48687400,3.28895900
-3.81934600,-0.21506060,-0.43169280
1.80963000,-3.36707900,-4.50862300
0.92775740,-2.54631000,-3.76338000
2.28111300,-1.03297200,-0.63373310
-0.95117930,0.85170230,-2.42771300
1.81143900,-2.39462000,2.56716400
3.68674900,-1.81997500,1.37800300
-2.97998000,-0.20318590,-3.49402400
-0.33761570,1.94220600,4.49925900
0.02243021,-1.73582000,0.94068170
-3.73386100,0.65928290,-4.95373100
0.87109390,-2.55630600,-0.73525710
-4.73380300,-3.36981300,1.00724100
3.62440900,3.39321000,-2.90301600
2.77992700,2.17612300,4.57728100
0.18444860,0.19960970,2.39426900
-0.10056280,3.44639000,-3.32838300
4.17275700,2.60018400,-0.45376610
0.89762320,-4.63240800,2.05356900
-4.94949000,-0.70303390,-4.03984200
-2.09931900,-2.39286100,4.97477800
-4.21187100,-4.71226900,-0.79093230
-3.61727700,1.62919400,0.62913800
3.58967200,-2.94309600,-0.65439510
-1.81787700,-0.23870000,-1.21228200
-4.91312500,0.43797230,4.20457700
-4.73633500,-2.50751900,-1.96342200
-3.99972600,-0.00870368,2.81081300
4.32505400,-2.49062000,2.00836100
2.64973100,1.20830100,-1.29295800
4.89440500,3.81185300,-2.31406600
0.57043940,4.18260600,0.23493500
3.73922800,2.22549800,-1.33949300
-4.92037000,4.08009700,2.07169500
3.44596000,1.08978400,-3.94016500
0.76626910,1.79288200,1.39462600
1.23978400,-4.90841200,0.63370640
1.74056300,1.67347100,-4.80200700
2.51414200,-1.15650700,-3.02481300
-0.29361920,-0.75273620,1.62639900
4.55368600,-3.07881100,-0.18286880
-4.72853800,1.09669500,0.54962730
3.37914300,3.23102200,-0.83584480
2.46854100,-0.85625340,-1.96563000
-1.91424200,-0.07873166,-4.10735800
2.54610700,-2.58690000,-0.22905660
-0.84349490,-2.87664800,-3.10400300
-1.15501300,1.83416800,-2.74544400
-1.97071800,3.40474200,3.07881600
3.54638200,-4.10352300,2.42104500
1.19682100,1.73129300,-3.84236000
0.93441570,0.88362150,-4.39050400
-0.47808980,-3.70119300,-3.81701100
-0.54529800,-0.08918454,-2.79577300
4.31849200,2.58862000,-3.73320500
-4.64808400,3.42569800,1.09592400
-1.87488100,3.01958400,-1.35002000
3.68820800,1.21161100,0.49124580
1.02786700,-0.57377490,4.88886000
-0.03015584,-1.90744900,-2.95023200
-2.55202300,-1.24174700,-3.61046900
-2.02011900,2.33641200,3.20953800
-1.16211400,-4.64711400,3.15499700
3.16286200,3.04651800,1.85879300
-0.21437910,-0.34778780,-0.47430700
0.03101280,-3.15403400,0.84153770
-1.05386800,-2.84990700,2.40940000
2.13940600,2.98886300,1.36812700
-4.30959300,2.33921400,-2.22865900
1.45823100,3.64943400,-4.75036100
3.83639800,-2.03486100,-3.57265100
-1.18402300,-3.31443400,0.67860170
0.32640870,2.82755000,-0.12038430
-4.89152600,-1.35560300,3.18811800
3.61761100,-1.91375300,4.77713300
-1.00799400,-4.91465500,0.37090050
4.24247800,-4.78246000,-2.31379100
-1.99567900,-1.26596700,3.76538600
-2.32533500,0.70215110,4.49489000
4.42317800,1.37874000,2.32215200
-1.35438000,-3.86894700,2.13761600
-4.85368600,2.46567500,-0.67920870
3.68761800,0.34774120,2.62406500
2.72284300,3.07097900,-3.54017200
0.07103168,3.72388500,-0.76055680
-3.96087200,1.35711500,-4.12059300
0.70276270,-0.83089370,2.40326900
-3.84076600,2.34366700,-4.63011400
4.57792100,-1.54642700,0.47976550
-1.09226000,3.33109500,3.70564300
4.72895900,-3.69886000,-4.64850000
1.13143900,1.99977500,4.31675000
-0.59005030,-1.86604000,3.80812000
-2.57594400,4.00988400,0.71382290
-1.98655600,1.55541900,1.59729600
0.19234610,-0.58241650,-3.49261000
2.90951400,2.45866500,3.33795900
-3.59613600,-0.82480090,4.28244700
2.76186500,-4.09231000,1.39933900
1.76840200,3.79648800,-2.04991800
0.84480360,4.43779200,-1.70078000
1.44757000,2.72695500,-3.14372400
1.40840700,1.01911400,-0.97928560
-2.74590400,-4.23516900,-1.73976000
0.18612470,-1.10209000,4.46447400
2.03897700,-3.72144300,0.75155220
4.76011200,1.46118600,-0.46061410
-1.85520600,-3.05178400,2.99265700
1.37992500,0.68518250,2.58159400
0.34812660,-4.18649400,-0.66087470
-0.82931770,1.31747800,-3.54218400
-3.48347300,4.06880400,-4.11588100
-0.33786540,2.19866500,-3.12914700
3.19834300,-1.36191700,-0.56191960
-0.34489880,-1.85023200,1.94410500
-2.00535200,3.12739400,0.95973730
-3.16634000,-4.63402000,-0.06531222
2.43655600,3.19896300,2.64236600
-0.51765040,-2.45228200,0.06311047
-0.71211510,2.92766800,0.27351280
-3.06476300,1.09403800,-3.51164400
4.24620900,4.93623700,0.60054920
-0.82487660,1.60506300,-4.63151300
-1.82243300,4.37183000,-2.76043400
3.08027500,-4.95843900,-2.50159400
-1.78707400,0.99161100,2.72157700
2.88700000,0.77735590,-0.25880700
-0.89497550,4.80053000,-2.59951600
0.40746690,-1.64712000,3.58950900
-1.61132800,-4.28731600,-2.08961000
-4.36696100,-0.60970640,-2.88958500
-4.87063300,-3.98536600,-1.01682300
-3.00821100,2.86730300,4.08569400
-3.80339800,3.76356400,0.46003960
2.44004400,-0.90092930,1.43673200
-0.33754580,0.74076250,0.05836367
0.17377530,2.94311200,4.88859600
0.83225760,-0.10733990,-0.73373660
-4.87621800,-4.74312100,2.34371700
-2.61785900,-0.88389120,-0.91244060
2.14878200,1.03977200,-3.94224100
2.01745800,-2.66176800,-3.51179600
3.48031300,1.66751200,-0.50414680
4.68751700,0.42117060,-3.75926900
4.09760700,0.96979880,-4.79752800
-4.87817500,-2.19181500,-0.63253090
2.77618800,3.94437600,-2.33585700
-1.80421800,4.75794600,-4.56564900
-3.89882400,0.48590890,-2.36781900
-3.06304100,3.04532700,-4.17576000
3.07583600,-2.53258100,3.28107200
-1.86776400,0.93868490,-0.90325370
-1.89994100,-4.77328900,4.07538800
-3.31087200,-3.52967100,0.17100830
-3.59431200,0.74262620,0.13234350
-0.80054970,-0.59692300,4.33414400
1.22924000,3.49079200,-0.44067150
-0.72703120,4.24047600,-3.65013600
-4.15133500,1.45197700,-2.89344900
-1.70906900,-3.52089500,-3.28467300
0.88813280,-2.70067800,3.56004400
3.53056600,0.22453030,0.39984730
1.08798100,-0.75825650,-3.91779400
2.96418200,-3.20274700,4.16626800
3.52604100,-0.94925660,0.55776860
-2.68871200,1.93432700,0.19945950
2.22766800,-0.70664020,3.65367600
4.38351100,-0.00708488,-1.73139200
4.78555600,2.65734500,-2.69619800
1.80447800,-2.77077500,4.51612300
4.81251800,-1.34874600,-3.30105700
0.45870710,4.92368300,-4.35160900
-1.64461600,0.14266630,3.41485700
-0.14307220,2.41802600,-1.05671500
-4.85496800,4.18470100,3.50813200
-3.09213200,-0.47993340,-1.81740000
-0.27577300,-1.22334500,2.73047600
3.95248400,0.48579950,-2.90123400
-0.99041700,-0.21478830,-1.84869900
1.63898100,3.68640700,-3.65921700
-4.69903900,-4.68182800,-1.76512500
3.75913600,-3.91223200,3.62816400
-3.33940700,-4.79413200,-4.10737600
1.97883500,-1.43912200,4.60371000
-1.36652100,-3.88768100,3.91193700
2.49989300,0.96948920,1.78588600
-1.92812900,3.88835800,-0.21576280
0.40947170,0.99552940,4.09736300
-3.92459100,2.69310200,0.91797000
4.76664100,-3.33355700,3.70974000
0.90699490,0.18034410,3.61004800
-4.22667900,2.68252000,3.21377700
3.27013900,-0.13015570,3.46270400
1.55838300,-4.85639700,3.62808900
3.24768600,4.98746200,3.13846200
4.93292500,1.53187800,4.08914700
2.58115100,-3.53153000,2.58296100
0.05165452,-3.92355700,1.99325900
-3.68517700,-1.09395000,-3.56704300
-0.24767180,4.49845600,-1.62132300
0.06629888,4.82832900,1.53416800
-3.99242400,-2.45958100,4.64698800
-2.03393900,0.43142920,0.88471400
-4.52807700,3.21633100,-1.58126200
1.17920900,1.40236000,3.31160500
-1.92797400,-3.47075500,-1.41055100
1.30297400,-0.15239430,0.64890240
2.12678800,0.38335550,-1.66165600
0.43536720,-2.66610300,-2.13537800
-0.00232463,2.11243900,2.26692900
2.74104700,4.76496100,-0.77423030
3.48244000,0.71044140,1.46520900
4.41941400,4.45557600,-1.54961000
-4.65991000,-3.32340800,2.12398100
-1.82614900,-2.64424100,1.58758400
0.65175430,1.97823400,-1.50438300
-1.09557800,1.75823300,2.82438100
0.07911974,-4.86677500,0.15955270
-1.48962600,0.32322880,-3.13486300
2.40572000,4.17502900,1.81912900
0.75499820,4.34492300,-3.54921300
3.56495400,2.08854900,1.56522500
-1.04248800,2.67102000,-0.72661780
-2.03324500,4.77703600,-1.87205500
0.66803870,4.06314500,4.63254400
0.09492172,-0.33707460,-1.55250100
-1.51520300,-2.37083400,0.31558460
-3.78091600,-3.69771500,-4.47714100
1.01693300,-1.54461700,-2.92572300
-0.69857950,-1.01667800,-2.39776400
-1.30976900,4.51122900,-0.60517130
3.13361600,1.13177400,-2.92276600
2.76863700,-4.17181700,3.40855900
-3.63040200,4.27963800,1.89554900
3.24381800,-4.89628300,-4.08658400
-3.21037500,-1.92010300,2.75056100
4.06266800,-1.82906500,3.01813200
4.41495100,-3.69933600,1.84755000
-1.18871700,-1.33050200,1.43948800
3.01296600,-2.23555700,2.16765800
1.89131000,0.00630056,-3.50102200
1.56829100,0.73529220,1.26375200
-1.63764900,3.62212500,-4.60794200
-0.06092353,-2.43515300,4.39784800
-4.27472100,4.00369300,-3.40894900
-3.14162200,-4.74574300,3.83804200
-2.78835500,-2.05451000,1.58447000
0.28607410,4.57959000,3.62817800
1.16021600,-4.61596000,-1.48648900
0.70057770,-1.90510900,2.30301200
0.32382640,1.43685000,-2.88129500
-4.97780000,-2.48656000,2.77278900
2.62536300,-2.19941000,-4.64830300
3.22003300,4.29869400,-3.35673200
-3.77312500,2.57649100,-3.44555700
-0.31197750,-2.37173200,2.90794200
4.81431600,1.88128100,-1.77550100
-0.61107570,-2.18408400,-2.02127200
-3.53817900,4.10437200,-1.00788200
-3.45696700,-3.77357100,4.23602100
2.75462000,-3.38901700,-4.80662100
-2.67245900,2.56205100,-2.03617000
-3.49254300,-0.10159430,1.83959200
0.24428640,-1.55580700,-1.68030500
1.08511800,1.84358900,2.37603800
3.10978800,-0.87116250,4.43757600
0.62788750,-4.70884700,4.39583000
2.25654800,1.90545100,-3.35023100
3.79981100,-0.43071950,-0.34299580
-4.32444100,-3.32339700,-0.25525270
0.10591280,3.94003600,-4.49742500
-4.57473700,-4.28575200,3.48529800
-3.74651600,0.69388550,-0.93462620
3.41450300,-3.20396100,1.58947400
3.96657900,4.33093900,-4.29207300
1.91232900,0.70014210,0.22046340
4.55603400,2.15698300,4.93575200
1.41125600,-4.49713600,-0.36051810
-4.65649400,-3.12823100,-3.88847800
1.79842600,1.81122100,1.31740400
-2.32665400,-0.43958150,1.55305300
2.13985500,0.35809200,3.72395700
3.47306600,4.12627000,1.50859700
-3.09815900,-2.20024300,-2.97402700
3.73384800,4.74601600,4.86066400
0.63973430,1.07541200,-0.29224540
0.09354098,-1.79425100,-0.58986640
-1.12556500,4.45917000,2.62196700
-2.21529000,2.01681700,-0.78260530
-4.11611300,-4.72889600,-4.92568700
4.73942200,3.71894400,-3.48179000
-3.90215600,2.21622600,-1.32244400
0.28001030,3.09193400,2.77523300
-4.25298000,-1.23999800,-0.40414420
1.66701000,-4.37300100,1.63721600
-4.61939800,-1.48341300,-4.75923300
4.02595800,-0.12261900,-4.27360100
3.02573900,1.03651700,3.73697500
3.31061300,-1.65048200,-2.56699300
-1.05851000,2.88108100,2.83274800
3.16947500,0.08285385,-3.66696100
-2.77693300,0.20712200,2.91552900
0.44134270,-3.84392500,-2.48811200
-3.04204100,-0.14733770,4.83866200
1.20054400,-4.16796500,-4.72794500
4.25030600,-3.41374400,-2.56696600
1.35114700,0.97151950,-3.07644300
0.60491970,-3.71009300,3.78568500
0.60943910,-2.31430400,-4.65667400
3.40973800,-2.90353700,-2.95963300
4.55510600,-0.44451210,-2.69264300
2.38595800,2.93178200,-2.43456100
-2.34771800,4.35173600,1.73138200
-3.22598500,-0.38594520,0.53996650
-0.25845480,-4.44695400,3.57290100
-3.61698600,3.30068300,4.91415000
4.74163400,-1.51700000,2.15896600
1.91955400,0.12113820,-0.63556260
-4.72827800,-2.46426400,-4.69152800
1.01891000,1.28271700,-2.06978000
-3.40369700,-1.94299900,-0.90062230
-2.31554100,1.50656300,-4.86394400
4.16431500,-0.35948760,4.14464100
2.17338500,-0.21477180,4.55260400
-0.05577375,-0.51654470,3.44474500
3.89413300,-4.06535700,0.93853950
-2.73871700,-4.11302500,1.05734500
2.46020400,-3.68992200,-3.73809100
-0.43716080,0.54240590,1.18279200
-2.28086600,4.95265500,0.91947600
3.31543800,2.12844900,-3.40410900
-1.24285600,2.29858100,2.02908700
4.34534400,-4.71293000,-4.37610100
-4.49422800,-3.56619000,4.63878500
1.91229500,2.15255100,3.65483800
-2.78870600,-3.11588700,1.31671400
4.40503600,-4.84990900,-0.62445560
-0.38750560,0.48233810,-4.95970500
1.52986600,4.71306700,2.75114100
-1.23379700,1.34280800,4.42784400
1.67277600,0.08815451,-4.60785400
3.13407200,-3.42222800,0.47487690
0.79965390,3.03438700,-3.86692400
-0.82047390,3.60892200,4.81271600
-4.61228600,1.47389600,-4.88107600
3.05361700,-2.41728900,0.94786290
0.68172950,-4.05168500,0.80935690
-1.03466600,2.58732100,-4.99077500
-4.25077700,3.23245500,-4.22241800
-2.93218500,1.93016400,-4.13578600
-3.89168300,1.85540400,2.51019300
4.51728500,0.61627750,-0.10467430
2.79727600,2.37874500,-0.98691340
-3.10466300,2.46449200,3.04791700
3.17583900,1.66529200,2.52776500
3.49745600,0.37549250,4.39339900
